Img_id,Leaf_pixel_ratio,Edge_pixel_ratio,EXG,EXR,VARI,Variety,FreshWeightShoot,DryWeightShoot,Height,Diameter,LeafArea,DMC
1,0.02172275641025645,0.0023365384615384732,0.03232779399538793,0.2547942335307237,-0.22246643953533576,Satine,2.6,0.14,8.2,12.0,80.6,0.05384615384615385
2,0.014383012820512797,0.001945512820512807,0.02114545470482141,0.27512412673381087,-0.2539786720289895,Satine,2.1,0.1,8.5,8.2,67.4,0.047619047619047616
3,0.011439102564102521,0.001548076923076902,0.037576266554529114,0.24563911840640607,-0.20806285185187698,Satine,2.0,0.09,7.5,9.5,65.0,0.045
4,0.01095673076923076,0.0018525641025640693,0.011310785818958325,0.22821322810294212,-0.21690244228398378,Satine,2.7,0.13,6.0,10.6,78.7,0.04814814814814815
5,0.016480769230769243,0.0018349358974358854,0.176076744922451,0.16272312297233138,0.013353621950119668,Lugano,2.3,0.11,8.3,9.8,73.9,0.04782608695652174
6,0.02123397435897434,0.002065705128205142,0.1505153233808279,0.16493833964401347,-0.014423016263185599,Lugano,3.3,0.14,8.4,13.4,107.8,0.042424242424242434
7,0.02128525641025636,0.002033653846153838,0.21028113345372473,0.15847264964298935,0.051808483810735356,Lugano,3.3,0.15,7.1,13.0,96.5,0.045454545454545456
8,0.016334935897435843,0.0018605769230769509,0.1581811393765818,0.16536137469974554,-0.007180235323163748,Lugano,2.5,0.1,8.3,12.2,79.8,0.04
9,0.011921474358974393,0.0012516025641026163,0.1286335451926316,0.16631513339047094,-0.03768158819783937,Lugano,2.5,0.1,4.3,9.8,72.2,0.04
10,0.012576923076923041,0.0017291666666666705,0.08590065958671965,0.22391894535104298,-0.13801828576432335,Salanova,1.4,0.09,5.1,13.0,57.6,0.0642857142857143
11,0.021626602564102537,0.0023621794871795387,0.11256927913486336,0.22149619821281735,-0.10892691907795399,Salanova,2.0,0.11,5.6,16.5,74.8,0.055
12,0.02034615384615379,0.0017660256410256814,0.05214219584832682,0.25159505390243536,-0.1994528580541085,Salanova,2.2,0.15,7.1,12.6,81.1,0.06818181818181818
13,0.024628205128205183,0.002905448717948733,0.09737912759380105,0.22314016516744872,-0.12576103757364768,Salanova,2.2,0.13,10.1,13.6,82.1,0.05909090909090909
14,0.028386217948717984,0.002527243589743544,0.11440550450837972,0.22603197680172682,-0.11162647229334709,Salanova,2.4,0.14,5.6,13.1,87.5,0.05833333333333334
15,0.022698717948717917,0.0026089743589743364,0.20736242494110574,0.15848063596591722,0.0488817889751885,Aphylion,3.2,0.16,5.1,16.1,87.6,0.049999999999999996
16,0.01792307692307693,0.002408653846153852,0.18649672187741065,0.1685331947764179,0.01796352710099278,Aphylion,3.8,0.16,9.6,18.2,102.4,0.04210526315789474
17,0.010961538461538467,0.0018157051282051695,0.1512125063359202,0.1759132431186913,-0.02470073678277109,Aphylion,2.8,0.12,5.0,14.5,67.2,0.04285714285714286
18,0.016794871794871824,0.0022499999999999742,0.16720813425564313,0.17253143598488205,-0.005323301729238954,Aphylion,3.1,0.14,6.2,17.6,84.5,0.04516129032258065
19,0.01851442307692308,0.0022067307692307248,0.1828345244713239,0.1655942011586191,0.017240323312704798,Aphylion,3.0,0.13,5.4,15.5,82.7,0.043333333333333335
20,0.021195512820512796,0.002355769230769189,0.20937907308694448,0.1658801572492362,0.04349891583770831,Lugano,4.5,0.4,8.5,13.0,127.4,0.08888888888888889
21,0.03798237179487185,0.0036586538461538254,0.2306001647120161,0.15860899772375142,0.07199116698826467,Lugano,7.8,0.7,7.9,13.0,178.0,0.08974358974358974
22,0.019825320512820488,0.0026907051282051286,0.2054297862439855,0.16684417565065487,0.038585610593330634,Lugano,4.7,0.41,5.4,13.3,121.0,0.08723404255319148
23,0.02965224358974361,0.0030881410256410335,0.21419905374036374,0.16775234966512706,0.04644670407523668,Lugano,6.0,0.53,8.5,15.5,154.2,0.08833333333333333
24,0.03516666666666668,0.0033509615384614833,0.21773494784490635,0.1536323421939701,0.06410260565093623,Lugano,6.1,0.57,7.8,17.1,166.2,0.09344262295081968
25,0.03569230769230769,0.003461538461538516,0.21320580719443463,0.1539211092651198,0.05928469792931482,Lugano,6.1,0.55,6.5,15.8,164.8,0.09016393442622953
26,0.029160256410256435,0.003597756410256392,0.19093038887956834,0.16949914955671877,0.021431239322849564,Lugano,4.7,0.43,5.5,13.5,131.0,0.09148936170212765
27,0.031065705128205168,0.0030224358974358934,0.20534697632053645,0.16746478365946577,0.03788219266107067,Lugano,5.5,0.42,9.0,11.0,153.9,0.07636363636363636
28,0.03393589743589742,0.004062499999999969,0.22427113175051555,0.15925035607082635,0.06502077567968917,Lugano,8.3,0.63,8.0,13.0,202.4,0.07590361445783132
29,0.03369230769230769,0.0030176282051281866,0.2512684039417177,0.16016752886827482,0.09110087507344289,Lugano,7.4,0.63,6.0,14.0,177.6,0.08513513513513513
30,0.03966826923076927,0.0036073717948718054,0.2458764954574383,0.16033157472793058,0.08554492072950774,Lugano,9.8,0.75,6.5,16.3,214.5,0.07653061224489795
31,0.031435897435897475,0.003030448717948664,0.23379395301723158,0.16325447555958414,0.07053947745764746,Lugano,6.6,0.58,7.5,14.6,159.3,0.08787878787878788
32,0.04242467948717954,0.0028349358974358863,-0.12685091776277474,0.30728986004737024,-0.43414077781014504,Salanova,7.3,0.88,7.7,20.0,260.2,0.12054794520547946
33,0.029123397435897425,0.001979166666666643,-0.12580339483221464,0.2997544053278842,-0.4255578001600989,Salanova,3.8,0.45,5.5,16.8,139.5,0.11842105263157895
34,0.026725961538461518,0.0018846153846153735,-0.13328555075535775,0.2925253148195685,-0.4258108655749263,Salanova,4.5,0.6,6.5,18.6,161.8,0.13333333333333333
35,0.03160096153846159,0.002774038461538453,-0.12494575294294738,0.3099445932448251,-0.43489034618777256,Salanova,5.5,0.65,7.0,19.5,188.8,0.11818181818181818
36,0.03092788461538465,0.0023349358974359413,-0.13187224262459396,0.32448391657582276,-0.45635615920041683,Salanova,3.5,0.35,7.3,16.0,137.4,0.09999999999999999
37,0.04040705128205124,0.002991987179487232,-0.147110492245935,0.33115831543955876,-0.47826880768549374,Salanova,4.8,0.59,6.3,18.0,175.2,0.12291666666666666
38,0.03162179487179484,0.002496794871794883,-0.0755566896613503,0.3030897865521368,-0.3786464762134872,Salanova,4.7,0.49,7.2,16.0,156.7,0.10425531914893617
39,0.04602243589743593,0.0028621794871794837,-0.04233023452830373,0.291858334639547,-0.3341885691678508,Salanova,7.4,0.64,7.5,19.4,242.7,0.08648648648648648
40,0.02685897435897433,0.0019182692307692095,-0.08161999737161994,0.30820384304974174,-0.38982384042136176,Salanova,4.2,0.43,7.0,17.5,149.6,0.10238095238095238
41,0.024245192307692287,0.0019198717948717414,-0.11655260520137603,0.30447273524638535,-0.4210253404477614,Salanova,4.6,0.54,9.0,16.8,174.9,0.1173913043478261
42,0.029684294871794914,0.0020689102564102058,-0.10786867496350315,0.29923918376582687,-0.4071078587293301,Salanova,5.2,0.58,9.8,17.2,202.7,0.11153846153846153
43,0.027336538461538495,0.0022115384615384315,-0.10476519938698299,0.29763983193145577,-0.40240503131843874,Salanova,3.9,0.46,8.6,17.2,140.8,0.11794871794871796
44,0.01717948717948714,0.0018157051282051695,0.24210232154319322,0.14294550019068133,0.09915682135251193,Aphylion,6.5,0.74,5.3,19.5,144.3,0.11384615384615385
45,0.02915705128205126,0.002855769230769245,0.25453007721683013,0.14618436159448672,0.1083457156223434,Aphylion,8.4,0.83,6.0,17.5,191.4,0.0988095238095238
46,0.016549679487179447,0.0017067307692307798,0.21439903733124757,0.15154414329593113,0.06285489403531644,Aphylion,5.5,0.56,6.5,20.8,133.3,0.10181818181818182
47,0.01560256410256411,0.0017804487179486905,0.24523526697526038,0.15396713155948416,0.09126813541577623,Aphylion,4.5,0.45,6.3,11.0,105.0,0.1
48,0.013235576923076975,0.0013894230769230242,0.24109855910692576,0.14635324866507182,0.09474531044185396,Aphylion,4.2,0.37,6.5,15.7,105.7,0.08809523809523809
49,0.028049679487179513,0.0026426282051281724,0.2613147762345193,0.13909925826759809,0.12221551796692125,Aphylion,7.1,0.63,7.5,13.4,140.8,0.08873239436619719
50,0.021092948717948756,0.0017500000000000293,0.25827068011767124,0.14179807602777433,0.11647260408989688,Aphylion,6.7,0.53,7.0,16.0,162.5,0.0791044776119403
51,0.03008333333333335,0.002394230769230732,0.25465680564063925,0.13903935561469577,0.11561745002594351,Aphylion,8.3,0.65,8.0,15.0,201.3,0.0783132530120482
52,0.02384455128205132,0.0023878205128204932,0.25595916673016283,0.14962954810935136,0.10632961862081147,Aphylion,6.8,0.5,7.8,14.6,158.9,0.07352941176470588
53,0.029108974358974304,0.002583333333333382,0.25993316529773514,0.12994509401404064,0.12998807128369447,Aphylion,8.6,0.86,5.8,19.6,196.5,0.1
54,0.028030448717948686,0.0022451923076922675,0.2803378335079083,0.12752557725132,0.15281225625658837,Aphylion,9.1,0.77,7.5,18.3,210.9,0.08461538461538462
55,0.042421474358974365,0.0035048076923076543,0.27674357163344,0.12570973650486716,0.1510338351285728,Aphylion,10.4,0.88,7.2,16.5,234.2,0.0846153846153846
56,0.027269230769230823,0.002496794871794883,-0.22098648809281832,0.3997003193568238,-0.6206868074496421,Satine,5.0,0.48,6.5,14.4,135.7,0.096
57,0.03682852564102568,0.002358974358974364,-0.15838446332292808,0.37126469367264664,-0.5296491569955747,Satine,7.3,0.5,8.8,10.3,191.2,0.0684931506849315
58,0.022418269230769283,0.0023926282051282,-0.15567042568375877,0.3642984904774551,-0.5199689161612139,Satine,4.0,0.32,6.2,13.5,129.8,0.08
59,0.034748397435897416,0.0024150641025640907,-0.15826182328018157,0.38301045813474727,-0.5412722814149288,Satine,6.2,0.45,7.0,13.5,161.0,0.07258064516129033
60,0.02549519230769226,0.0018637820512820147,-0.16361414479609784,0.3864023331245567,-0.5500164779206544,Satine,3.9,0.28,7.2,13.1,119.5,0.0717948717948718
61,0.023782051282051242,0.0019567307692307523,-0.20732912560696443,0.4109912349731909,-0.6183203605801554,Satine,3.3,0.24,5.2,13.0,89.0,0.07272727272727272
62,0.03081250000000002,0.0026955128205128354,-0.14936620766988815,0.37947258363570896,-0.5288387913055971,Satine,6.0,0.43,6.0,13.9,175.5,0.07166666666666667
63,0.03640544871794871,0.003458333333333341,-0.1448714401089552,0.38130281330450855,-0.5261742534134638,Satine,6.0,0.45,5.5,19.2,159.8,0.075
64,0.02837660256410257,0.002270833333333333,-0.11760055159196686,0.3548350587669793,-0.47243561035894616,Satine,6.0,0.43,6.0,12.0,161.6,0.07166666666666667
65,0.028516025641025622,0.0020753205128205554,-0.13540409318146093,0.365511845929615,-0.5009159391110759,Satine,5.3,0.41,5.7,13.5,157.6,0.07735849056603773
66,0.027907051282051287,0.0024342948717949175,-0.15361799203980123,0.37431274964470423,-0.5279307416845055,Satine,4.6,0.37,7.0,10.6,138.1,0.08043478260869566
67,0.025716346153846104,0.0020224358974358925,-0.1579879823731311,0.3755799735127943,-0.5335679558859255,Satine,4.8,0.33,5.3,13.0,145.0,0.06875
68,0.06353365384615384,0.009738782051282091,0.2697198141477593,0.14236983116212115,0.12734998298563818,Lugano,23.2,1.75,6.1,17.8,472.1,0.07543103448275862
69,0.060504807692307705,0.009863782051282022,0.29739834845772234,0.16344292076129474,0.13395542769642768,Lugano,30.4,1.83,6.3,16.0,628.8,0.06019736842105264
70,0.06252403846153842,0.010673076923076952,0.2830146182327077,0.16345339463748865,0.119561223595219,Lugano,26.5,1.82,7.3,19.5,536.2,0.06867924528301887
71,0.056267628205128206,0.00842467948717951,0.2935473849774564,0.15919115720868432,0.13435622776877215,Lugano,22.8,1.54,6.2,16.5,469.6,0.06754385964912281
72,0.0665272435897436,0.011584935897435922,0.2883549221822722,0.17987549298891278,0.1084794291933594,Lugano,29.5,2.04,6.5,16.2,596.8,0.06915254237288136
73,0.0778509615384615,0.013030448717948673,0.312158382342982,0.17967505828102037,0.1324833240619616,Lugano,36.0,2.33,6.8,15.8,703.3,0.06472222222222222
74,0.07863301282051283,0.011118589743589702,0.29341862326544316,0.1811167579499654,0.11230186531547777,Lugano,30.6,2.36,7.4,21.0,599.6,0.07712418300653594
75,0.0711298076923077,0.010761217948717983,0.28926227088457285,0.17887074130395947,0.1103915295806134,Lugano,28.8,1.83,7.0,20.0,581.9,0.06354166666666666
76,0.07266666666666666,0.010310897435897415,0.2700142583848141,0.16788141214462685,0.1021328462401872,Lugano,31.0,1.68,9.3,18.0,638.0,0.05419354838709677
77,0.06552884615384613,0.010682692307692254,0.29912294353642654,0.15538836513201623,0.1437345784044103,Lugano,29.9,2.24,7.0,17.0,583.2,0.07491638795986623
78,0.07266826923076919,0.010091346153846104,0.292539020671345,0.15768556519249383,0.13485345547885114,Lugano,33.1,1.97,9.0,18.5,657.4,0.05951661631419939
79,0.07483333333333331,0.010334935897435948,0.2801089181867674,0.16237809624325283,0.11773082194351456,Lugano,30.3,1.92,8.8,20.2,582.3,0.06336633663366337
80,0.04829647435897433,0.006764423076923043,0.26014992274137433,0.16421700586497795,0.09593291687639639,Lugano,17.9,1.46,6.1,17.0,346.3,0.08156424581005588
81,0.059395833333333314,0.007927884615384628,0.28926996229523805,0.15815610323569984,0.1311138590595382,Lugano,23.2,1.6,8.1,17.1,492.9,0.06896551724137931
82,0.06839423076923079,0.009572115384615332,0.26721665133496086,0.16294625628966464,0.10427039504529623,Lugano,34.6,2.13,8.2,18.0,642.5,0.061560693641618494
83,0.05015064102564104,0.007197115384615427,0.28562013507229617,0.15951063967030893,0.1261094954019872,Lugano,17.9,1.1,7.8,17.1,388.7,0.06145251396648046
84,0.08188461538461533,0.003649038461538412,-0.040097524274758836,0.2958457402599652,-0.3359432645347241,Salanova,16.4,1.22,6.8,18.5,520.1,0.07439024390243903
85,0.049708333333333354,0.0028477564102563635,-0.038801750593519035,0.2626203271885594,-0.30142207778207847,Salanova,17.9,1.47,6.1,16.5,465.3,0.08212290502793297
86,0.04804166666666665,0.0028621794871794837,-0.02785341011958494,0.2730845786832779,-0.3009379888028628,Salanova,12.5,1.01,5.4,17.4,412.3,0.0808
87,0.06836698717948719,0.0037083333333333135,0.014163750989664051,0.2746898401241399,-0.2605260891344759,Salanova,18.8,1.31,7.3,22.1,578.5,0.06968085106382979
88,0.08000801282051284,0.0036987179487179,-0.06494677998453104,0.3102064657645595,-0.3751532457490905,Salanova,21.1,1.76,5.7,21.5,620.8,0.08341232227488152
89,0.09560576923076924,0.004629807692307697,-0.012448647726760591,0.2968320607649339,-0.3092807084916945,Salanova,22.6,1.6,8.7,23.4,696.1,0.07079646017699115
90,0.0923525641025641,0.0043958333333333766,-0.016107137610234433,0.29502025999206655,-0.31112739760230096,Salanova,28.9,1.94,7.0,22.0,902.4,0.0671280276816609
91,0.07872275641025639,0.004096153846153805,-0.004562772866827607,0.30511088816297416,-0.3096736610298018,Salanova,16.2,1.14,8.0,18.8,524.2,0.07037037037037036
92,0.06448237179487182,0.0029166666666666785,-0.0240314168875648,0.26492110416294595,-0.2889525210505107,Salanova,19.4,1.53,9.0,20.3,654.3,0.07886597938144331
93,0.07105769230769232,0.003958333333333286,0.020610473205112046,0.2641026918879688,-0.24349221868285678,Salanova,17.0,1.24,8.9,21.0,562.2,0.07294117647058823
94,0.07342307692307692,0.003578525641025676,0.024452549302749767,0.2611134966741086,-0.23666094737135884,Salanova,14.5,1.01,8.5,21.2,427.9,0.0696551724137931
95,0.07981089743589742,0.003916666666666679,0.05672042430126121,0.24557088363561963,-0.18885045933435848,Salanova,19.1,1.28,7.4,22.3,569.3,0.06701570680628272
96,0.05932532051282047,0.003338141025641006,-0.02371385179547189,0.28601470738472357,-0.30972855918019543,Salanova,16.0,1.56,6.6,18.6,470.8,0.0975
97,0.06530448717948723,0.003028846153846132,-0.04360362100497388,0.2903406599522694,-0.3339442809572432,Salanova,18.6,1.62,5.7,19.5,578.2,0.08709677419354839
98,0.05467307692307688,0.0026746794871794766,-0.07028023573583904,0.3057115552751813,-0.3759917910110203,Salanova,10.3,0.93,7.8,17.0,330.6,0.09029126213592233
99,0.09559134615384612,0.004459935897435874,0.035847451882667955,0.2759997446894505,-0.24015229280678246,Salanova,27.3,1.91,6.5,24.5,773.2,0.06996336996336996
100,0.04745352564102567,0.0045336538461538956,0.30564357453679436,0.1274178817115996,0.17822569282519474,Aphylion,23.2,1.23,7.1,20.0,475.0,0.05301724137931035
101,0.05160897435897438,0.005660256410256359,0.2988149529215047,0.1389940323935904,0.15982092052791425,Aphylion,24.9,1.79,6.5,16.0,486.3,0.07188755020080322
102,0.050320512820512864,0.005349358974358953,0.28824849864867275,0.14140557595681816,0.1468429226918546,Aphylion,26.3,1.99,7.0,18.0,509.9,0.07566539923954373
103,0.05950160256410253,0.00631730769230765,0.293598893914514,0.14314420125970842,0.1504546926548056,Aphylion,28.3,1.89,6.5,21.6,554.1,0.06678445229681979
104,0.053583333333333316,0.00571153846153849,0.3119375072277257,0.1435808910754827,0.16835661615224298,Aphylion,27.9,1.76,6.6,19.5,520.0,0.06308243727598567
105,0.06483012820512823,0.006224358974359023,0.3094023345143216,0.14093183830595843,0.1684704962083632,Aphylion,34.0,2.1,8.7,19.3,480.4,0.061764705882352944
106,0.07351923076923073,0.008532051282051256,0.3199148638385735,0.15280473623249421,0.1671101276060792,Aphylion,37.0,1.98,8.6,20.1,675.5,0.053513513513513515
107,0.04591025641025637,0.005307692307692347,0.304034823073439,0.14356438468546864,0.16047043838797037,Aphylion,20.8,1.15,7.3,15.0,436.8,0.05528846153846153
108,0.058235576923076904,0.005105769230769219,0.31053723877513745,0.11605800343381342,0.1944792353413241,Aphylion,24.5,1.7,8.1,16.3,543.5,0.06938775510204082
109,0.055198717948718,0.006072115384615384,0.305896461435777,0.12241728779370005,0.18347917364207697,Aphylion,27.8,1.84,8.2,20.6,637.7,0.06618705035971223
110,0.05837179487179489,0.005701923076923077,0.3083540829388494,0.11739152202307798,0.1909625609157714,Aphylion,22.9,1.42,7.8,16.8,513.1,0.06200873362445415
111,0.07356410256410262,0.007450320512820463,0.31221497017263594,0.1312322923870943,0.18098267778554164,Aphylion,38.2,2.25,10.3,20.6,831.8,0.05890052356020942
112,0.06939262820512826,0.006347756410256422,0.317829557929124,0.12595920764734497,0.191870350281779,Aphylion,31.3,2.11,8.4,17.8,670.9,0.06741214057507987
113,0.05394391025641021,0.0058766025641026065,0.29541849330133874,0.13597404334146396,0.15944444995987486,Aphylion,24.9,2.09,7.5,18.6,518.4,0.08393574297188755
114,0.050839743589743636,0.0056698717948717725,0.3123167563123501,0.13236836300217925,0.17994839331017087,Aphylion,26.7,2.24,7.0,20.1,561.3,0.08389513108614233
115,0.06596634615384611,0.006378205128205083,0.31978447656828,0.12056006159231139,0.19922441497596863,Aphylion,32.3,2.05,9.2,21.5,679.4,0.06346749226006192
116,0.054363782051282006,0.004157051282051238,-0.12637166714188244,0.3962969604726502,-0.5226686276145326,Satine,20.4,1.28,6.0,17.0,445.9,0.06274509803921569
117,0.05716826923076923,0.004125000000000045,-0.09621336413892544,0.3771394751047455,-0.47335283924367094,Satine,20.4,1.15,6.8,17.5,428.9,0.056372549019607844
118,0.05587660256410254,0.003817307692307703,-0.12193739580865237,0.39991346436890784,-0.5218508601775602,Satine,23.0,1.28,7.0,16.0,598.7,0.05565217391304348
119,0.06824679487179486,0.004847756410256365,-0.07149715370072546,0.3709408055198392,-0.4424379592205647,Satine,27.5,1.51,7.5,18.4,561.1,0.05490909090909091
120,0.053035256410256415,0.0036041666666666305,-0.11871216242609929,0.40910478158873936,-0.5278169440148386,Satine,17.1,1.08,7.1,17.0,407.2,0.06315789473684211
121,0.05466506410256411,0.004177884615384597,-0.12004812219834803,0.40347309302036544,-0.5235212152187135,Satine,21.1,1.4,6.2,17.1,428.0,0.06635071090047392
122,0.06843750000000004,0.0042756410256410415,-0.09825942925916109,0.40139472590560443,-0.4996541551647655,Satine,23.2,1.36,7.5,18.1,452.3,0.05862068965517242
123,0.05227403846153844,0.003389423076923026,-0.0747501420520801,0.3712241321671723,-0.4459742742192524,Satine,18.9,1.12,7.9,18.5,437.6,0.05925925925925927
124,0.060607371794871745,0.004447115384615397,-0.021848279787889984,0.31875508102692,-0.34060336081481,Satine,23.0,1.36,8.0,19.6,526.1,0.0591304347826087
125,0.058834935897435936,0.003834935897435887,-0.03034397425823013,0.32330458753712477,-0.3536485617953549,Satine,22.3,1.36,8.4,17.0,538.2,0.0609865470852018
126,0.06499358974358971,0.003823717948717942,-0.0170698158302523,0.32487575377359085,-0.34194556960384315,Satine,26.4,1.48,8.8,19.1,606.7,0.05606060606060606
127,0.06798717948717947,0.005578525641025678,-0.007306620728962319,0.31471332138274694,-0.32201994211170926,Satine,25.0,1.39,7.0,19.1,599.7,0.0556
128,0.07253205128205131,0.004753205128205096,-0.1254737929801122,0.38864648809245494,-0.5141202810725672,Satine,35.5,2.12,7.8,18.3,735.8,0.05971830985915493
129,0.05800160256410258,0.0037580128205128016,-0.07551387556793315,0.36938547755782847,-0.4448993531257617,Satine,22.3,1.29,8.5,18.1,492.4,0.05784753363228699
130,0.06789102564102567,0.004708333333333314,-0.037796255839101324,0.3506684250133495,-0.38846468085245084,Satine,30.6,1.68,8.4,18.0,689.2,0.05490196078431372
131,0.07971153846153844,0.004993589743589766,-0.08027825082392825,0.38007378677838366,-0.46035203760231186,Satine,31.2,1.76,8.7,20.1,714.4,0.05641025641025641
132,0.0758878205128205,0.012716346153846203,0.29829398547627073,0.1483959883925899,0.14989799708368082,Lugano,45.6,2.37,11.6,18.5,1721.5,0.05197368421052632
133,0.10436698717948723,0.018743589743589695,0.3184606715604178,0.14854619678414263,0.16991447477627517,Lugano,85.1,3.62,10.8,20.6,1777.8,0.04253819036427733
134,0.11835897435897436,0.022815705128205077,0.33312883145671995,0.14720763975049816,0.1859211917062218,Lugano,75.9,4.17,9.3,23.2,1228.3,0.05494071146245059
135,0.0953301282051282,0.0185657051282051,0.3133299706452237,0.1537345700011025,0.15959540064412125,Lugano,66.9,3.25,10.6,19.4,1062.9,0.04857997010463378
136,0.04891185897435901,0.007392628205128204,0.2815201531308352,0.15186791456801546,0.12965223856281974,Lugano,25.8,1.61,9.8,15.2,502.0,0.0624031007751938
137,0.09734935897435892,0.01598237179487183,0.3185547082229358,0.14404488697200485,0.17450982125093095,Lugano,72.2,3.12,12.9,22.1,1209.4,0.043213296398891966
138,0.06284294871794871,0.011828525641025656,0.2840615472971784,0.15702621712620496,0.1270353301709735,Lugano,35.0,1.99,10.1,16.5,685.5,0.056857142857142856
139,0.05663621794871798,0.010338141025641012,0.30447546197737085,0.1454894634738361,0.15898599850353481,Lugano,32.1,1.95,8.9,16.5,553.8,0.06074766355140186
140,0.09955448717948723,0.014649038461538422,0.32268530175356924,0.14714859691517776,0.17553670483839146,Lugano,60.9,2.83,11.6,19.0,960.6,0.0464696223316913
141,0.1131650641025641,0.018318910256410303,0.30980446526774624,0.15635612264137594,0.15344834262637033,Lugano,78.3,3.25,12.0,21.6,1189.5,0.041507024265644954
142,0.10020512820512817,0.018636217948717948,0.30741033276334023,0.14459417370483427,0.16281615905850594,Lugano,60.9,2.67,11.2,21.0,1003.6,0.0438423645320197
143,0.10754487179487182,0.022187500000000027,0.32558112977993153,0.15138094620956316,0.17420018357036837,Lugano,87.4,4.24,10.6,20.3,1243.7,0.04851258581235698
144,0.10048717948717945,0.01760256410256411,0.3020811382809611,0.15006087372422583,0.1520202645567353,Lugano,73.2,3.74,11.5,19.5,1143.7,0.051092896174863386
145,0.12376923076923074,0.019791666666666652,0.30800560159805795,0.15119057205477657,0.15681502954328128,Lugano,86.2,3.54,13.3,22.3,1399.8,0.04106728538283062
146,0.12228205128205127,0.024354166666666677,0.3396611670923241,0.1422119489419795,0.19744921815034455,Lugano,85.5,4.3,10.4,21.3,1217.1,0.050292397660818715
147,0.11041185897435901,0.019705128205128153,0.31774718679816427,0.15456667201853586,0.16318051477962847,Lugano,85.6,3.46,13.7,22.1,1548.0,0.04042056074766355
148,0.1375977564102564,0.007299679487179467,0.1285027054065658,0.2104135639022629,-0.08191085849569714,Salanova,63.2,3.75,11.3,24.2,1721.5,0.05933544303797468
149,0.10017628205128204,0.006700320512820546,0.12320138231059641,0.2065434115491541,-0.08334202923855769,Salanova,33.5,2.11,11.0,23.1,928.8,0.06298507462686567
150,0.1293461538461539,0.007974358974358942,0.11594417064910245,0.22492641567885274,-0.10898224502975028,Salanova,55.2,3.09,11.3,27.2,1466.6,0.05597826086956521
151,0.13112980769230764,0.007004807692307713,0.03799331365987715,0.2362824986957933,-0.1982891850359161,Salanova,69.8,4.16,9.0,25.1,1694.3,0.05959885386819485
152,0.16260416666666666,0.008528846153846192,0.17481396747095881,0.20356293688090754,-0.028748969409948723,Salanova,73.5,3.86,11.3,28.5,1866.7,0.05251700680272109
153,0.1428445512820513,0.0068749999999999645,0.10426074552786131,0.23515732742309062,-0.13089658189522924,Salanova,56.0,2.96,12.5,24.5,1554.8,0.05285714285714286
154,0.12863301282051287,0.006197115384615426,0.05768565353629309,0.2382701012622681,-0.18058444772597507,Salanova,60.3,3.38,12.1,24.6,1674.7,0.0560530679933665
155,0.13273397435897438,0.006964743589743638,0.14541800655390189,0.20757515120098508,-0.06215714464708321,Salanova,39.8,2.23,11.3,24.9,1082.6,0.05603015075376885
156,0.12040224358974361,0.006352564102564129,0.18574418016069993,0.187241996189471,-0.0014978160287710672,Salanova,47.2,2.41,13.1,25.0,1115.5,0.051059322033898305
157,0.1551410256410256,0.007758012820512805,0.18151920787671044,0.20201281584033504,-0.020493607963624656,Salanova,47.1,2.59,12.8,26.2,1321.3,0.05498938428874734
158,0.14587820512820515,0.008645833333333353,0.11689260649563799,0.21398786522387184,-0.09709525872823382,Salanova,62.3,3.64,11.0,23.7,1600.9,0.058426966292134834
159,0.16894230769230767,0.010863782051282023,0.1977641844364937,0.1882594728720345,0.009504711564459185,Salanova,55.0,3.07,13.2,26.6,1466.2,0.055818181818181815
160,0.11769711538461536,0.005115384615384633,0.11908812075643035,0.2258470994533064,-0.10675897869687606,Salanova,47.8,2.52,12.2,23.4,1255.1,0.05271966527196653
161,0.11178846153846156,0.006637820512820469,0.10724019918839604,0.2234672498196279,-0.11622705063123187,Salanova,50.4,2.81,10.3,24.3,1214.1,0.05575396825396826
162,0.15031089743589743,0.009600961538461572,0.16313316807995185,0.20179581364276628,-0.03866264556281446,Salanova,60.4,3.71,12.5,27.1,1769.8,0.06142384105960265
163,0.1373830128205128,0.006858974358974312,0.053430805168606176,0.2483069717217166,-0.1948761665531104,Salanova,57.6,0.36,9.8,25.3,1451.8,0.0062499999999999995
164,0.1164983974358974,0.013831730769230721,0.32709154651536054,0.13814523371738247,0.18894631279797805,Aphylion,94.0,4.48,13.4,21.9,1670.0,0.04765957446808511
165,0.0849647435897436,0.008748397435897393,0.34738710864079786,0.12848303430892669,0.2189040743318712,Aphylion,62.7,2.85,13.5,20.1,1106.1,0.045454545454545456
166,0.11022115384615383,0.01664583333333336,0.34867527196840764,0.13110840621559214,0.2175668657528155,Aphylion,99.7,4.59,13.9,22.0,1678.9,0.04603811434302908
167,0.08621314102564104,0.01255448717948715,0.3469038113840961,0.12756570327800565,0.21933810810609042,Aphylion,72.8,3.99,11.3,19.4,1221.1,0.054807692307692314
168,0.099073717948718,0.01086217948717949,0.3430931380230753,0.1291713321595734,0.21392180586350185,Aphylion,74.3,3.46,13.1,19.5,1318.9,0.046567967698519515
169,0.07111057692307687,0.008613782051282048,0.3254858938765292,0.12803695253093084,0.19744894134559834,Aphylion,54.6,2.77,13.5,16.1,1037.0,0.05073260073260073
170,0.06618429487179489,0.010649038461538418,0.3164443535849442,0.13004879549063852,0.18639555809430566,Aphylion,60.1,4.02,11.0,20.3,1073.6,0.06688851913477536
171,0.07974198717948722,0.009961538461538466,0.31954881514565187,0.13478247095376716,0.18476634419188476,Aphylion,53.9,2.89,12.4,17.0,1133.6,0.053617810760667906
172,0.04849358974358975,0.006626602564102524,0.30421989622973417,0.1307749345173261,0.17344496171240803,Aphylion,28.6,2.35,9.5,17.2,573.8,0.08216783216783216
173,0.07671474358974362,0.00765224358974359,0.30488277852011847,0.14190705149466165,0.1629757270254568,Aphylion,44.9,2.02,12.4,16.9,915.1,0.04498886414253898
174,0.1066714743589744,0.014624999999999999,0.3511953414559488,0.12691374756209006,0.22428159389385877,Aphylion,83.5,4.34,12.0,19.5,1469.7,0.051976047904191615
175,0.11839423076923072,0.01488141025641021,0.3346984026259908,0.13029704774055206,0.20440135488543873,Aphylion,70.1,3.36,14.5,22.2,1301.1,0.047931526390870186
176,0.093238782051282,0.010607371794871812,0.32896997155051927,0.1299292025528695,0.19904076899764972,Aphylion,78.1,4.1,12.3,17.4,1263.5,0.052496798975672214
177,0.12015705128205123,0.01234935897435896,0.335564046650203,0.12667047502159817,0.2088935716286048,Aphylion,79.8,3.81,12.1,22.1,1460.4,0.047744360902255645
178,0.11318589743589746,0.012469551282051294,0.3488627687673773,0.12891468544859885,0.21994808331877844,Aphylion,82.9,3.82,15.0,20.5,1529.5,0.04607961399276236
179,0.11110897435897438,0.014331730769230777,0.34480564018386756,0.1249131174639555,0.21989252271991205,Aphylion,88.1,4.68,11.2,19.5,1646.4,0.05312145289443814
180,0.11362820512820515,0.008637820512820471,0.03519918102096798,0.3191626047095206,-0.28396342368855265,Satine,70.0,3.28,12.0,21.6,1225.0,0.046857142857142854
181,0.07048878205128206,0.006179487179487131,-0.026121652532745614,0.33457147632950535,-0.360693128862251,Satine,31.9,1.66,11.3,19.0,725.3,0.05203761755485893
182,0.06873397435897433,0.005572115384615439,-0.11842486828827771,0.3790937154670703,-0.4975185837553481,Satine,39.1,2.13,9.2,18.0,695.6,0.05447570332480818
183,0.09988301282051282,0.01040865384615386,0.028136751109965736,0.3103642527232398,-0.2822275016132741,Satine,63.0,2.8,11.8,21.3,1076.2,0.04444444444444444
184,0.06911217948717951,0.006355769230769193,0.04056166882743108,0.2866590885411358,-0.2460974197137047,Satine,34.0,1.69,10.6,19.0,770.0,0.049705882352941176
185,0.07836538461538467,0.0065993589743589265,0.0014596787957242498,0.31636720493205345,-0.31490752613632916,Satine,40.1,2.11,10.0,19.0,772.4,0.05261845386533665
186,0.08242788461538464,0.005823717948717944,-0.08169494877383997,0.37584595428880757,-0.4575409030626476,Satine,49.6,2.78,10.3,18.4,952.2,0.05604838709677419
187,0.08989102564102569,0.007870192307692259,0.04805354127802062,0.2995888030819764,-0.2515352618039558,Satine,48.0,2.24,9.8,20.6,876.8,0.04666666666666667
188,0.09726762820512824,0.007399038461538443,0.08248592890268928,0.28047929230022595,-0.19799336339753668,Satine,61.6,2.8,11.9,20.4,1061.8,0.04545454545454545
189,0.08773717948717952,0.009828525641025654,0.05653422144706198,0.288345859403127,-0.23181163795606508,Satine,56.5,2.63,12.1,19.2,1001.3,0.04654867256637168
190,0.10960897435897432,0.011349358974358958,-0.020342985998612506,0.34556990921591746,-0.3659128952145299,Satine,68.5,2.95,10.8,21.4,1103.5,0.043065693430656936
191,0.10819551282051287,0.008991987179487126,0.02483297414797178,0.31133387916360156,-0.28650090501562986,Satine,56.0,2.49,9.5,21.7,986.2,0.04446428571428572
192,0.07914903846153842,0.006355769230769193,0.028894705603612094,0.300546076471287,-0.2716513708676749,Satine,37.5,1.95,11.3,21.3,740.5,0.052
193,0.12959615384615386,0.010873397435897436,-0.0640495116154857,0.3693749136495811,-0.4334244252650668,Satine,74.0,3.63,9.0,24.2,1153.4,0.04905405405405405
194,0.08770673076923075,0.007660256410256361,0.029222424121734803,0.3150072509688396,-0.2857848268471048,Satine,48.8,2.21,9.4,21.2,999.2,0.04528688524590164
195,0.13650320512820513,0.020371794871794857,0.32478328538356305,0.16620421491441437,0.15857907046914876,Lugano,113.0,5.37,12.0,20.0,1512.2,0.047522123893805314
196,0.10052243589743592,0.017756410256410282,0.29884622519955956,0.16772299226079568,0.1311232329387639,Lugano,78.0,3.85,11.0,19.0,1115.6,0.04935897435897436
197,0.1397163461538462,0.02588782051282046,0.3170017760828001,0.16688906221910968,0.15011271386369046,Lugano,127.0,6.3,12.0,21.0,2110.5,0.049606299212598425
198,0.17706570512820508,0.02491025641025646,0.29954712656198185,0.17438479987461808,0.12516232668736368,Lugano,142.0,6.54,11.0,24.0,2056.9,0.04605633802816901
199,0.10432371794871798,0.018187500000000023,0.3000192406747523,0.1565457390103674,0.1434735016643849,Lugano,78.0,4.41,13.0,19.5,1311.9,0.05653846153846154
200,0.12937339743589749,0.022033653846153856,0.30799408375726883,0.1753307878923486,0.1326632958649202,Lugano,101.0,5.03,12.0,22.0,1838.7,0.049801980198019805
201,0.14681570512820508,0.020237179487179513,0.30600992719294606,0.1685051371535021,0.137504790039444,Lugano,117.0,5.07,13.0,21.0,1889.2,0.043333333333333335
202,0.10916987179487181,0.01827403846153841,0.299073395428938,0.16850346717612535,0.13056992825281266,Lugano,88.0,4.42,14.0,18.0,1988.0,0.050227272727272725
203,0.1415432692307692,0.02187660256410251,0.3103031265792976,0.15533454269532904,0.15496858388396864,Lugano,112.0,5.76,11.0,22.0,1614.9,0.05142857142857143
204,0.16678205128205126,0.02885096153846156,0.3042484775294126,0.17284207307504662,0.13140640445436594,Lugano,135.0,6.33,12.0,24.0,2253.3,0.04688888888888889
205,0.15590064102564105,0.02329166666666671,0.3298974701595297,0.15805137606901912,0.1718460940905106,Lugano,161.0,6.4,13.0,24.0,2010.9,0.03975155279503106
206,0.1460721153846154,0.022075320512820462,0.3161041431455622,0.17082965913261405,0.1452744840129481,Lugano,141.0,6.42,13.0,22.0,2063.3,0.04553191489361702
207,0.13593750000000004,0.0046554487179487625,0.02433334868529236,0.26791412651168056,-0.24358077782638815,Salanova,55.0,3.88,10.0,23.0,1445.9,0.07054545454545455
208,0.16698397435897439,0.005902243589743561,0.11115475600589747,0.23027697204672903,-0.11912221604083155,Salanova,101.0,5.13,9.0,25.0,2139.4,0.05079207920792079
209,0.17208173076923072,0.005982371794871821,0.07075685517763287,0.2409182210483873,-0.17016136587075437,Salanova,85.0,5.02,8.0,25.0,2008.8,0.05905882352941176
210,0.1661121794871795,0.00593750000000004,0.045743393513795,0.26436040385704895,-0.218617010343254,Salanova,64.0,4.04,12.0,25.0,1568.2,0.063125
211,0.20605288461538462,0.008743589743589797,0.08746429830207655,0.24453652714685153,-0.15707222884477492,Salanova,110.0,6.04,12.0,28.0,2414.7,0.05490909090909091
212,0.1679935897435897,0.00536858974358978,0.050340438493632025,0.2636203113164506,-0.21327987282281852,Salanova,60.0,3.79,8.0,23.0,1822.1,0.06316666666666666
213,0.26274679487179486,0.010498397435897422,0.16510413751091707,0.2309177524106294,-0.06581361489971242,Salanova,118.0,6.1,14.0,33.0,2945.7,0.051694915254237285
214,0.1266891025641026,0.0060320512820513095,0.05402423994261457,0.23850896399317342,-0.18448472405055888,Salanova,57.0,3.7,9.0,21.0,1703.9,0.0649122807017544
215,0.16988782051282048,0.00745512820512817,0.07503142480753,0.25518171718135185,-0.18015029237382182,Salanova,90.0,4.94,10.5,27.0,2804.1,0.05488888888888889
216,0.19652564102564107,0.006620192307692285,0.05910074555871193,0.26864071123623395,-0.20953996567752195,Salanova,74.0,4.41,10.0,24.0,1928.0,0.059594594594594597
217,0.1683317307692308,0.00445032051282046,-0.007199472381640797,0.2778960343542011,-0.2850955067358419,Salanova,67.0,4.49,11.0,26.0,1626.2,0.06701492537313433
218,0.20092307692307687,0.006653846153846121,0.10164995737322464,0.24615696751243796,-0.14450701013921333,Salanova,96.0,4.81,11.0,27.0,2153.6,0.050104166666666665
219,0.1581442307692308,0.015342948717948723,0.3169241979986018,0.15616150276584423,0.16076269523275757,Aphylion,149.0,6.85,15.0,23.0,2255.6,0.045973154362416106
220,0.12498557692307688,0.01275801282051281,0.3125672403190792,0.15444285271078845,0.15812438760829076,Aphylion,107.0,5.34,14.0,22.0,1600.6,0.04990654205607477
221,0.22673237179487182,0.020280448717948762,0.35095027526553985,0.15469582374072094,0.196254451524819,Aphylion,178.0,7.35,17.0,27.0,2716.4,0.04129213483146067
222,0.14043589743589746,0.016458333333333353,0.33118882978373243,0.1536685955270021,0.1775202342567304,Aphylion,114.0,5.51,16.0,24.0,1878.4,0.04833333333333333
223,0.19637980769230767,0.019225961538461567,0.33605197777292845,0.14493041812492127,0.19112155964800712,Aphylion,163.0,6.82,15.0,26.0,2453.6,0.041840490797546016
224,0.14895993589743595,0.013868589743589732,0.31410462545493956,0.15831036361607945,0.15579426183886014,Aphylion,97.0,4.84,12.0,25.0,2224.8,0.04989690721649485
225,0.1662676282051282,0.020209935897435916,0.3296931961153117,0.14826857731649667,0.18142461879881505,Aphylion,157.0,7.16,14.0,22.0,2502.9,0.045605095541401276
226,0.14664102564102566,0.013157051282051246,0.35370200030333515,0.14640571941445776,0.20729628088887736,Aphylion,106.0,4.99,16.0,24.0,3350.6,0.04707547169811321
227,0.13147756410256406,0.014594551282051227,0.33023123572178004,0.15089653151897472,0.1793347042028053,Aphylion,129.0,6.16,16.5,20.0,1979.5,0.047751937984496125
228,0.17532371794871793,0.01512179487179488,0.30457314008994496,0.16164325891876197,0.14292988117118302,Aphylion,125.0,6.68,16.0,24.0,1856.6,0.053439999999999994
229,0.09987660256410258,0.005227564102564086,-0.06600559348706171,0.3830193914066106,-0.4490249848936723,Satine,71.0,3.69,11.0,21.0,1090.2,0.05197183098591549
230,0.11292147435897437,0.005503205128205124,-0.03228063646869962,0.35717370076958166,-0.38945433723828127,Satine,82.0,3.7,11.0,21.0,1212.5,0.0451219512195122
231,0.1003253205128205,0.003645833333333348,-0.1229448624859205,0.41200275868310215,-0.5349476211690226,Satine,64.0,3.53,10.0,20.0,1066.1,0.05515625
232,0.15330769230769226,0.008657051282051298,-0.018020826084879527,0.3639387461573841,-0.3819595722422635,Satine,95.0,4.31,11.0,21.0,1500.6,0.04536842105263157
233,0.12330288461538463,0.007267628205128163,-0.026500308661402763,0.35560684356811445,-0.3821071522295172,Satine,93.0,4.56,11.0,21.0,1568.5,0.049032258064516124
234,0.14879006410256412,0.008032051282051311,0.011970847657272068,0.34137014776091684,-0.32939930010364477,Satine,104.0,4.75,11.0,24.0,2059.2,0.04567307692307692
235,0.14058333333333328,0.00804647435897432,-0.013304101430212484,0.3591900020482745,-0.372494103478487,Satine,91.0,4.15,11.0,23.0,1329.4,0.04560439560439561
236,0.12294391025641027,0.008682692307692252,-0.05681502137386099,0.37611276062072396,-0.432927781994585,Satine,70.0,3.51,11.0,22.0,1237.5,0.05014285714285714
237,0.13277724358974363,0.006687499999999957,-0.06910047354197732,0.39128099158461616,-0.46038146512659356,Satine,102.0,5.21,10.0,25.0,1648.3,0.05107843137254902
238,0.1345480769230769,0.007439102564102518,-0.06004992391701061,0.3790869382214195,-0.43913686213843,Satine,93.0,4.59,13.0,19.5,1640.7,0.04935483870967742
239,0.11463301282051286,0.0056698717948717725,-0.08964096125702153,0.39788012007757684,-0.48752108133459837,Satine,84.0,4.35,13.0,20.0,1287.8,0.05178571428571428
240,0.12075320512820509,0.005575320512820503,-0.08811883809306677,0.39683219200125686,-0.48495103009432367,Satine,66.0,3.91,11.0,21.0,1251.4,0.05924242424242424
241,0.16574519230769236,0.020633012820512775,0.31284949802031276,0.16290886703064048,0.14994063098967228,Lugano,240.0,9.48,16.0,25.0,2705.0,0.0395
242,0.1768798076923077,0.016301282051282007,0.31915709776906687,0.14496490458328376,0.17419219318578308,Lugano,242.1,10.17,17.5,23.9,3501.7,0.04200743494423792
243,0.15501121794871797,0.02183173076923073,0.30971427998880635,0.15931949464921402,0.1503947853395923,Lugano,152.4,7.84,13.0,21.8,3768.0,0.051443569553805774
244,0.18141506410256414,0.025285256410256363,0.3267502833022272,0.15788702787833586,0.16886325542389133,Lugano,193.1,9.31,16.4,24.0,2715.4,0.048213360952874165
245,0.1544791666666666,0.03360096153846159,0.3067733715905794,0.1412834518688214,0.16548991972175803,Lugano,179.9,6.6,17.0,20.0,2612.8,0.036687048360200106
246,0.19435096153846154,0.034995192307692324,0.321025844822527,0.15027272412137216,0.1707531207011548,Lugano,224.1,8.61,15.0,24.5,3777.1,0.03842034805890227
247,0.11511217948717944,0.025025641025640977,0.3098684925175708,0.13963624975062136,0.17023224276694954,Lugano,125.8,7.17,13.5,20.0,1957.0,0.05699523052464229
248,0.17155769230769236,0.02631891025641031,0.3319918553613601,0.15864635101037494,0.17334550435098517,Lugano,175.0,8.23,15.0,23.5,2295.7,0.04702857142857143
249,0.18469070512820518,0.02501442307692303,0.3069455372094721,0.15587203138137198,0.15107350582810014,Lugano,173.6,7.54,14.8,23.1,3278.3,0.04343317972350231
250,0.27255929487179487,0.012565705128205096,0.1464031225347781,0.21918612980958138,-0.07278300727480322,Salanova,164.3,8.58,15.5,36.3,3855.3,0.052221545952525865
251,0.21889423076923076,0.00674038461538462,0.014941158969164536,0.2679305785944135,-0.2529894196252489,Salanova,116.5,7.04,13.5,29.0,2893.2,0.060429184549356224
252,0.19262179487179487,0.008657051282051298,0.19580036020470762,0.1906027336240182,0.005197626580689429,Salanova,128.7,7.18,12.9,28.4,2593.7,0.05578865578865579
253,0.20520833333333333,0.008241987179487209,0.1088138256042018,0.2237999492161383,-0.11498612361193647,Salanova,186.0,9.4,11.1,28.1,3979.1,0.05053763440860215
254,0.1965176282051282,0.006080128205128155,0.13903882415948227,0.2194207210068919,-0.08038189684740961,Salanova,155.5,8.03,14.0,25.3,3402.4,0.05163987138263665
255,0.20168108974358978,0.019129807692307654,0.1676247266679261,0.2117147609342053,-0.044090034266279256,Salanova,133.2,6.84,15.8,32.0,3089.2,0.051351351351351354
256,0.25511217948717946,0.02391987179487176,0.10860900390622544,0.23608398507137518,-0.12747498116514971,Salanova,207.5,10.38,16.5,33.3,5001.9,0.05002409638554217
257,0.19646153846153847,0.01666666666666672,0.14684940910575714,0.22600665045353444,-0.0791572413477773,Salanova,159.3,8.27,12.1,29.3,3828.6,0.05191462649089767
258,0.25427564102564104,0.010818910256410241,0.13085428613165534,0.22362546254962232,-0.09277117641796699,Salanova,145.4,7.63,15.5,36.0,3005.8,0.05247592847317744
259,0.1879391025641025,0.007573717948717973,0.1113720196550444,0.2247891659129568,-0.11341714625791241,Salanova,182.9,9.84,13.5,27.0,4013.5,0.053799890650628755
260,0.2285352564102564,0.008586538461538451,0.16359150476901121,0.20378998358152586,-0.040198478812514676,Salanova,128.3,8.47,15.0,33.1,4006.5,0.06601714731098987
261,0.14323557692307687,0.01125641025641022,0.31587994896276284,0.1494581563554622,0.16642179260730064,Aphylion,121.0,6.12,22.0,27.5,1994.0,0.05057851239669422
262,0.20583012820512825,0.01804006410256409,0.3358476280375284,0.13360013229135964,0.2022474957461687,Aphylion,164.8,9.24,17.5,30.6,2525.2,0.056067961165048544
263,0.22353365384615387,0.01764583333333336,0.33729608541370365,0.136679803734914,0.20061628167878964,Aphylion,261.9,12.31,20.5,25.0,3734.2,0.047002672775868656
264,0.1988461538461539,0.01886378205128203,0.33974406815010183,0.13542435404599457,0.2043197141041073,Aphylion,162.9,8.15,20.1,25.3,2979.7,0.050030693677102514
265,0.27768269230769227,0.023041666666666627,0.37784751233858105,0.13080580931848904,0.247041703020092,Aphylion,223.2,10.32,20.5,30.2,3261.9,0.04623655913978495
266,0.3311153846153846,0.022995192307692314,0.34382078848967856,0.14697386789949884,0.1968469205901797,Aphylion,245.6,9.59,22.0,34.0,3698.7,0.03904723127035831
267,0.18032532051282046,0.025600961538461586,0.34443046708339936,0.11523870759709935,0.22919175948630008,Aphylion,156.0,6.47,20.0,29.3,2395.0,0.04147435897435897
268,0.2598269230769231,0.041370192307692344,0.3430071631574026,0.13122811769684598,0.21177904546055662,Aphylion,196.3,9.19,23.0,35.0,3774.7,0.046816097809475286
269,0.24883814102564106,0.03771153846153841,0.33310316256359407,0.12710414397591685,0.20599901858767725,Aphylion,208.8,9.98,20.1,29.8,3805.5,0.047796934865900385
270,0.21176762820512818,0.014834935897435897,0.3144665477894685,0.1444342571289989,0.17003229066046963,Aphylion,229.8,9.75,22.5,27.5,3537.2,0.04242819843342036
271,0.2920384615384616,0.025431089743589763,0.3609062386837286,0.13289805250689168,0.228008186176837,Aphylion,303.1,12.62,21.5,30.0,4073.6,0.0416364236225668
272,0.26980448717948713,0.02503525641025639,0.3318819964628332,0.14704561765137134,0.18483637881146187,Aphylion,263.2,12.17,23.1,27.2,4606.6,0.04623860182370821
273,0.1595288461538461,0.008448717948717932,-0.014759077105093669,0.3636755015130965,-0.37843457861819013,Satine,143.0,6.44,16.5,25.0,1997.9,0.04503496503496504
274,0.11215705128205133,0.006405448717948681,-0.08411708039038127,0.3863404873625395,-0.4704575677529209,Satine,87.0,4.86,14.0,22.5,1447.3,0.05586206896551724
275,0.12613942307692305,0.003980769230769177,-0.11049482896548846,0.3928115070684395,-0.503306336033928,Satine,118.3,6.0,14.0,22.0,1508.7,0.0507185122569738
276,0.14038621794871797,0.007394230769230736,-0.0012030840481489476,0.34663257994792485,-0.34783566399607374,Satine,119.9,5.41,16.0,24.0,1707.4,0.0451209341117598
278,0.16016025641025644,0.008961538461538465,-0.038007813580954744,0.3770179892363514,-0.41502580281730617,Satine,137.2,6.71,18.3,27.0,1881.5,0.0489067055393586
279,0.15640865384615388,0.023858974358974328,0.025320096742908946,0.3145320224535928,-0.2892119257106838,Satine,134.4,6.16,16.5,22.2,1822.9,0.04583333333333333
280,0.13549519230769236,0.018540064102564147,-0.11396369449964575,0.4061762560490738,-0.5201399505487196,Satine,182.1,6.8,16.0,26.3,1748.4,0.037342119714442616
281,0.1482227564102564,0.020700320512820558,-0.0854792851842221,0.3832695863719416,-0.46874887155616357,Satine,130.9,6.64,15.2,21.3,2258.5,0.050725744843391894
282,0.15981250000000002,0.006945512820512811,-0.02394284372185675,0.35164962845966374,-0.37559247218152053,Satine,125.1,6.0,15.0,24.0,1977.0,0.047961630695443645
283,0.17068589743589746,0.008951923076923052,-0.0342126509442629,0.3544452999610336,-0.3886579509052966,Satine,147.4,7.04,14.5,21.0,1743.5,0.04776119402985075
284,0.14396474358974354,0.006432692307692278,-0.05586162502478936,0.36484057923580165,-0.420702204260591,Satine,117.4,6.09,14.5,23.0,1982.8,0.05187393526405451
285,0.18046634615384616,0.024323717948717904,0.32857869780485677,0.1791194676051424,0.1494592301997143,Lugano,318.4,12.65,17.0,24.0,3319.3,0.03972989949748744
286,0.2156634615384615,0.03122756410256411,0.30675262735294245,0.18182619411711323,0.12492643323582922,Lugano,320.1,11.84,18.0,27.5,3143.7,0.03698844111215245
287,0.19986378205128208,0.030174679487179445,0.31957716492433075,0.18619113986361982,0.13338602506071096,Lugano,318.4,12.66,17.0,26.0,3065.1,0.03976130653266332
288,0.18889423076923073,0.021908653846153814,0.30691222422346054,0.18318782427463046,0.1237243999488301,Lugano,337.1,12.81,15.0,25.5,3039.8,0.03800059329575793
289,0.20114102564102565,0.03138301282051281,0.32191163422849917,0.17722681285524672,0.14468482137325236,Lugano,285.8,10.43,17.0,26.5,3106.8,0.03649405178446466
290,0.1894535256410257,0.023107371794871767,0.3173252774423482,0.17567027217215556,0.14165500527019267,Lugano,282.8,10.67,16.0,27.0,2741.1,0.03772984441301273
291,0.13190544871794874,0.01986378205128203,0.30046322578760537,0.18690411320857728,0.11355911257902798,Lugano,180.9,9.35,13.0,21.0,2056.1,0.05168601437258153
292,0.26124358974358974,0.0433317307692308,0.3381372200322856,0.13270886042245902,0.20542835960982653,Lugano,372.6,14.17,17.0,32.0,3839.6,0.0380300590445518
293,0.16958173076923078,0.02895192307692307,0.3260258943389397,0.1401365387548763,0.1858893555840634,Lugano,221.5,8.29,17.0,26.0,2476.6,0.03742663656884875
294,0.19821794871794873,0.03229487179487178,0.340597060745425,0.12356470232240933,0.21703235842301574,Lugano,274.1,8.29,16.0,25.0,2628.9,0.03024443633710324
295,0.14373237179487175,0.02695993589743595,0.3108440656829147,0.14894913807002694,0.16189492761288773,Lugano,193.4,9.99,17.0,23.5,2067.2,0.05165460186142709
296,0.16075480769230766,0.0276746794871795,0.30673169346465395,0.1366699244973753,0.1700617689672787,Lugano,220.0,9.71,20.0,26.0,2494.8,0.04413636363636364
297,0.1970016025641026,0.036097756410256365,0.31779812777183036,0.12761845349739803,0.1901796742744323,Lugano,227.8,10.07,17.0,29.0,2648.4,0.044205443371378404
298,0.251051282051282,0.031028846153846157,0.32823380782648304,0.1585455581948333,0.1696882496316498,Lugano,315.8,12.95,15.0,30.0,5069.1,0.04100696643445218
299,0.21096314102564107,0.017846153846153845,0.30782940841862094,0.16693227620762896,0.1408971322109919,Lugano,300.0,11.24,15.0,29.0,3646.3,0.03746666666666667
300,0.2123846153846154,0.02477243589743594,0.3087947994015748,0.17675793293963657,0.13203686646193827,Lugano,284.4,9.44,16.5,29.0,3095.6,0.03319268635724332
301,0.21736538461538457,0.019934294871794878,0.3143338944341425,0.164489389784004,0.1498445046501385,Lugano,325.1,11.26,16.5,26.5,4068.8,0.034635496770224546
302,0.2792692307692307,0.03931089743589744,0.32728164627569806,0.16965979366118367,0.15762185261451434,Lugano,392.0,12.68,16.5,29.0,4062.0,0.0323469387755102
303,0.19189423076923073,0.02720833333333328,0.3052929516248247,0.1770773798260835,0.1282155717987412,Lugano,218.5,9.53,18.0,25.0,2803.8,0.043615560640732264
304,0.15937500000000004,0.01564583333333336,0.29246734288049797,0.17534178939631329,0.1171255534841847,Lugano,206.8,7.99,18.0,24.5,2604.8,0.038636363636363635
305,0.16295192307692308,0.022903846153846108,0.3320930896900744,0.11958490300425778,0.2125081866858167,Lugano,335.8,9.93,17.0,26.0,3077.6,0.029571173317450863
306,0.24337820512820518,0.04313301282051285,0.34119314428413267,0.12043929183850519,0.22075385244562748,Lugano,395.9,15.96,18.0,31.0,3896.4,0.040313210406668354
307,0.15918429487179486,0.022791666666666655,0.3176194646259583,0.13654554458078877,0.18107392004516953,Lugano,278.2,10.51,20.0,27.0,2605.4,0.037778576563623295
308,0.16260737179487184,0.022479166666666717,0.32430715821228573,0.13602012819577305,0.18828703001651267,Lugano,198.5,9.33,14.2,20.2,2922.8,0.047002518891687654
310,0.17177243589743585,0.026133012820512835,0.2864343572609852,0.13964941144279708,0.1467849458181881,Lugano,311.0,10.89,18.0,27.0,3208.4,0.035016077170418006
311,0.2022804487179487,0.028802884615384605,0.32211257151789197,0.12638267293640854,0.19572989858148346,Lugano,355.4,12.36,17.0,26.0,3571.3,0.03477771525042206
312,0.2828814102564102,0.010636217948717941,0.07599502982176251,0.2656775565710542,-0.1896825267492917,Salanova,286.4,14.14,18.5,34.5,5463.7,0.049371508379888275
313,0.23899198717948722,0.009597756410256397,0.06950993820998277,0.2559294025130539,-0.1864194643030711,Salanova,197.7,10.95,15.5,30.5,3694.1,0.05538694992412747
314,0.19555608974358973,0.012937500000000046,0.10581631400430086,0.24235704641284697,-0.13654073240854614,Salanova,167.7,7.8,15.0,28.0,2918.4,0.046511627906976744
315,0.25632692307692306,0.009661858974359006,0.06051881631742328,0.28697589611257807,-0.22645707979515475,Salanova,207.7,11.0,15.0,30.5,3928.0,0.05296100144439095
316,0.2531923076923077,0.013722756410256443,0.07761197445202894,0.2736555877548035,-0.1960436133027745,Salanova,220.9,12.13,15.0,29.0,3986.3,0.0549117247623359
317,0.2043076923076923,0.012326923076923069,0.1210235492528395,0.2598989131577351,-0.13887536390489552,Salanova,187.4,8.76,14.5,29.0,3369.7,0.046744930629669154
318,0.248511217948718,0.01599679487179484,0.09331902307968551,0.27857909886599247,-0.18526007578630704,Salanova,180.4,10.69,14.0,33.0,3714.5,0.059257206208425714
319,0.2712964743589743,0.01561057692307688,0.20490854142920784,0.1914572858987448,0.013451255530463023,Salanova,254.6,13.03,17.0,31.3,4964.8,0.0511783189316575
320,0.23651762820512823,0.01608333333333334,0.19927741384510414,0.19362340315572668,0.005654010689377447,Salanova,172.0,8.53,12.2,34.2,3059.6,0.049593023255813946
321,0.2550192307692307,0.01442147435897434,0.15019204987805015,0.22312704028919816,-0.07293499041114802,Salanova,216.6,11.55,16.0,34.0,4143.9,0.053324099722991694
323,0.17760737179487185,0.008762820512820513,0.16344361257650397,0.1959488959012107,-0.032505283324706764,Salanova,173.4,7.36,14.3,27.5,3163.1,0.04244521337946944
324,0.2205208333333334,0.014128205128205118,0.15486983449847247,0.20306893228011408,-0.048199097781641595,Salanova,179.9,10.56,12.0,37.0,3626.7,0.05869927737632018
325,0.234224358974359,0.013285256410256463,0.12151210706121073,0.2245866368152732,-0.10307452975406248,Salanova,259.4,12.56,17.1,34.0,5194.0,0.04841942945258289
326,0.279926282051282,0.01236378205128208,0.1284375322989697,0.25053029665642945,-0.12209276435745975,Salanova,165.6,9.41,15.0,27.5,3218.9,0.05682367149758454
327,0.25988782051282056,0.010463141025641054,0.16019958530852887,0.24987180887325725,-0.08967222356472841,Salanova,158.3,7.88,15.0,33.0,3358.8,0.04977890082122552
328,0.3100064102564103,0.013048076923076968,0.1307977424774217,0.2536872179007191,-0.12288947542329752,Salanova,235.6,11.04,17.0,33.5,5348.1,0.046859083191850594
329,0.31120512820512825,0.011493589743589716,0.15823235558819967,0.23780543240455237,-0.07957307681635269,Salanova,324.1,13.9,16.5,32.0,6365.0,0.04288799753162604
330,0.2441554487179487,0.01045352564102564,0.19037365271315307,0.20459721844491283,-0.014223565731759757,Salanova,240.1,8.94,17.0,29.0,4112.6,0.03723448563098709
331,0.252625,0.010721153846153797,0.16132450974396598,0.22353065014243045,-0.06220614039846455,Salanova,226.4,11.13,13.0,34.0,4457.2,0.04916077738515901
333,0.08949519230769232,0.008113782051282104,-0.0022770936600111187,0.25414065119055335,-0.25641774485056446,Salanova,95.8,6.96,9.0,12.3,1976.0,0.07265135699373695
334,0.29286378205128205,0.016139423076923065,0.12493358732238154,0.22550867207567327,-0.10057508475329179,Salanova,229.2,11.69,15.4,39.2,4279.3,0.05100349040139616
335,0.2764407051282052,0.015971153846153885,0.17913616914074393,0.1863225528530854,-0.007186383712341443,Salanova,268.4,12.11,17.0,33.0,5088.8,0.04511922503725783
336,0.2444663461538461,0.01589583333333333,0.16627811447270613,0.19552608748520853,-0.02924797301250244,Salanova,213.8,11.07,13.5,31.3,4332.9,0.05177736202057998
337,0.2256217948717949,0.013850961538461548,0.117776913949108,0.22517836265556962,-0.1074014487064616,Salanova,279.4,12.87,16.0,30.1,4226.5,0.046062992125984255
338,0.16183493589743592,0.010280448717948754,0.08743616512083024,0.22168502013721983,-0.1342488550163896,Salanova,184.2,10.42,13.6,22.5,3987.9,0.056568946796959826
339,0.29568108974358975,0.01516506410256413,0.14388660184559776,0.22923828599812562,-0.0853516841525279,Salanova,273.4,13.23,16.0,34.0,4905.0,0.048390636430138995
340,0.25059615384615386,0.01723717948717951,0.13514401881569604,0.2160319058733964,-0.08088788705770035,Salanova,241.9,8.98,13.0,29.5,4365.1,0.03712277800744109
341,0.24963141025641022,0.01443589743589746,0.1728954112404933,0.18140781177674012,-0.008512400536246797,Salanova,219.1,11.51,18.0,35.2,4557.3,0.05253308991328161
342,0.27735256410256415,0.010740384615384624,0.1080045803392411,0.2267992924506516,-0.11879471211141045,Salanova,272.6,13.48,15.0,32.3,4255.6,0.04944974321349963
343,0.3414294871794872,0.042698717948717935,0.34307256113104057,0.17777485551133676,0.16529770561970386,Aphylion,406.0,15.97,25.0,30.0,5379.9,0.03933497536945813
344,0.28916506410256415,0.030565705128205112,0.33635854151871375,0.15760625900653785,0.17875228251217587,Aphylion,347.6,16.46,22.0,29.0,4117.0,0.04735327963176064
345,0.2875416666666667,0.025701923076923094,0.345886716974211,0.1563786098344432,0.18950810713976773,Aphylion,459.7,16.64,25.0,32.0,5316.5,0.03619752012181858
346,0.3178798076923077,0.031793269230769194,0.3400346709529563,0.16907462529582873,0.17096004565712772,Aphylion,364.8,14.69,24.5,33.0,4516.2,0.04026864035087719
347,0.40049358974358973,0.04802724358974364,0.33035084294075384,0.18039261079410585,0.14995823214664816,Aphylion,444.7,17.24,24.0,34.5,4995.6,0.038767708567573646
348,0.3428365384615385,0.0433685897435897,0.3359443588269759,0.17197604460985125,0.16396831421712466,Aphylion,425.6,16.47,20.5,34.0,5179.7,0.03869830827067669
349,0.2967467948717949,0.030307692307692258,0.3290091369161843,0.16914510869198043,0.15986402822420392,Aphylion,436.8,20.1,23.5,29.5,5163.4,0.04601648351648352
350,0.3906939102564102,0.0475096153846154,0.37077997808752866,0.11423908713708561,0.256540890950443,Aphylion,414.2,18.21,22.0,40.0,4891.7,0.043964268469338486
351,0.25544070512820516,0.034937499999999955,0.34495262147821715,0.11886666856768016,0.22608595291053699,Aphylion,224.0,11.56,20.0,21.0,4185.4,0.05160714285714286
352,0.33604967948717945,0.04700000000000004,0.3200849203672226,0.12994450498626942,0.19014041538095322,Aphylion,268.9,11.77,22.0,33.2,5218.3,0.04377091855708442
353,0.3071362179487179,0.04887980769230771,0.2925815301129026,0.13196772215280453,0.16061380796009805,Aphylion,313.1,14.15,21.0,34.5,6875.4,0.045193229000319385
354,0.31946634615384617,0.0407564102564103,0.3329419665483392,0.12013666984105302,0.21280529670728604,Aphylion,392.7,18.06,22.0,34.0,4694.0,0.045989304812834225
355,0.30058012820512825,0.045448717948717965,0.35220074779425004,0.1140453628547848,0.23815538493946517,Aphylion,276.3,14.48,21.3,31.5,3440.3,0.05240680419833514
356,0.2677852564102564,0.034442307692307716,0.3771790072407195,0.08861640594084878,0.28856260129987077,Aphylion,247.1,13.42,21.0,30.0,3398.0,0.05430999595305545
357,0.3583076923076923,0.026549679487179456,0.3084756513468318,0.16011379608181525,0.14836185526501663,Aphylion,314.0,15.84,18.0,32.5,4260.7,0.050445859872611465
358,0.32356089743589744,0.0257339743589744,0.3219340663877228,0.15722126569451522,0.16471280069320757,Aphylion,309.1,13.61,19.5,34.0,5136.8,0.04403105791006146
359,0.37117147435897435,0.0347291666666667,0.34174266816843674,0.17348882753456266,0.16825384063387394,Aphylion,371.0,15.41,20.5,37.0,5868.0,0.04153638814016172
360,0.42462179487179486,0.04191987179487178,0.3435870531686859,0.15881464600597003,0.18477240716271592,Aphylion,352.5,14.99,23.0,42.0,4960.8,0.042524822695035464
361,0.32002243589743595,0.038605769230769194,0.3356955103741884,0.17598480461495597,0.15971070575923238,Aphylion,292.4,14.07,22.0,32.0,4991.0,0.048119015047879625
362,0.31074358974358973,0.033165064102564146,0.3357938187208208,0.13374327083736592,0.20205054788345486,Aphylion,336.0,13.53,24.0,39.0,4429.8,0.04026785714285714
363,0.3391939102564102,0.0429342948717949,0.33748742924593716,0.12084825211837745,0.21663917712755956,Aphylion,405.7,16.71,23.0,40.0,5116.4,0.041188070002464876
364,0.19718589743589743,0.010620192307692289,-0.11069775497039572,0.45199627578252843,-0.562694030752924,Satine,228.4,11.11,17.5,25.0,2468.0,0.048642732049036776
365,0.15858173076923077,0.015514423076923078,-0.0451159881905073,0.39385511500358006,-0.43897110319408755,Satine,165.5,7.22,19.0,24.0,2064.9,0.04362537764350453
366,0.2445849358974359,0.014469551282051296,-0.0965638756184695,0.4515281113208226,-0.5480919869392921,Satine,279.4,10.93,19.0,27.0,3177.1,0.03911954187544739
367,0.23163301282051285,0.019700320512820557,-0.0542068772047017,0.4152438755945681,-0.46945075279926973,Satine,253.9,10.39,21.5,30.0,3154.7,0.04092162268609689
368,0.1803862179487179,0.012089743589743573,-0.08779318663052697,0.4286344434582139,-0.5164276300887408,Satine,172.7,7.9,18.0,26.5,2091.8,0.04574406485234511
369,0.16884455128205134,0.012951923076923055,-0.05438176962238316,0.39220847805303033,-0.44659024767541344,Satine,130.4,6.6,14.0,25.0,1899.6,0.05061349693251533
370,0.26455929487179486,0.015802884615384594,-0.045534476332035924,0.41075009040789756,-0.45628456673993356,Satine,308.3,12.81,16.0,26.5,3346.6,0.041550437885176775
371,0.22040224358974358,0.01720192307692303,-0.001371050853201755,0.32512571918043515,-0.32649677003363686,Satine,229.6,10.11,16.0,25.0,2620.8,0.04403310104529617
372,0.16763141025641026,0.01426121794871793,0.026622744301595926,0.2995623312786964,-0.2729395869771005,Satine,150.7,7.12,19.0,26.0,2758.6,0.04724618447246185
373,0.15557532051282053,0.014826923076923126,0.04024921154491578,0.2934409102968952,-0.25319169875197933,Satine,161.3,6.78,18.0,20.0,2027.4,0.04203347799132052
374,0.218786858974359,0.025636217948717954,0.04912960195766704,0.28954283818229476,-0.24041323622462776,Satine,257.6,11.98,20.5,26.0,2894.0,0.04650621118012422
375,0.23746794871794874,0.02147596153846154,0.013245919870184916,0.3182688586527575,-0.30502293878257253,Satine,251.9,10.97,16.0,26.0,2820.6,0.043549027391822155
376,0.14639102564102568,0.012307692307692353,-0.002296088535809035,0.3266441904338032,-0.32894027896961225,Satine,139.0,6.98,18.0,25.0,2559.6,0.0502158273381295
377,0.15821634615384617,0.018822115384615423,0.01790336355174153,0.2946463638778981,-0.2767430003261566,Satine,134.7,6.28,18.0,19.0,1817.7,0.04662212323682258
378,0.23171474358974364,0.019275641025641055,-0.017142068383197765,0.38180501527294297,-0.3989470836561407,Satine,175.4,8.41,19.5,28.5,2685.1,0.04794754846066134
379,0.2195032051282051,0.01633974358974355,0.026411649927288845,0.34176839819607635,-0.31535674826878757,Satine,145.3,7.08,17.0,23.0,2083.8,0.04872677219545767
380,0.25466826923076924,0.018019230769230732,0.04067537959958922,0.3258833382590621,-0.2852079586594729,Satine,186.2,8.34,17.5,27.5,2499.0,0.0447905477980666
381,0.20307211538461534,0.015743589743589692,-0.06515043210842723,0.41009511834586293,-0.4752455504542902,Satine,184.7,7.39,18.5,28.0,2420.3,0.040010828370330265
382,0.19121794871794873,0.01318910256410255,-0.037959108570568736,0.3839015597626141,-0.42186066833318286,Satine,213.5,8.77,18.0,24.0,2961.9,0.04107728337236534
383,0.21904487179487175,0.015549679487179446,-0.0074805243953918995,0.36797330130843164,-0.3754538257038236,Satine,206.0,8.41,18.0,22.0,2742.8,0.040825242718446605
384,0.235713141025641,0.01663301282051277,0.00557143502976436,0.34587403643048764,-0.34030260140072327,Satine,186.3,8.36,17.0,30.0,4076.6,0.044873859366612985
385,0.18644871794871798,0.010456730769230815,-0.030109968132715527,0.36897450023191514,-0.3990844683646307,Satine,167.1,8.33,17.3,26.0,2633.9,0.04985038898862956
386,0.19049679487179483,0.020551282051282094,0.08211240016925934,0.28266352505338893,-0.20055112488412952,Satine,196.2,7.62,12.0,15.6,2321.7,0.038837920489296636
387,0.1578621794871795,0.011455128205128173,-0.10685695313273187,0.400703584151526,-0.507560537284258,Satine,163.2,9.17,16.0,26.0,1858.3,0.05618872549019608
388,0.17599038461538463,0.01566987179487178,0.07569681771201471,0.27484524416656275,-0.19914842645454808,Satine,180.6,10.01,17.0,31.0,1805.6,0.05542635658914729
389,0.17931410256410252,0.016947115384615352,0.023225645244660177,0.32219449156748536,-0.29896884632282517,Satine,209.3,8.19,15.0,25.6,2257.1,0.03913043478260869
390,0.224900641025641,0.019107371794871764,0.03222012195649825,0.3067341015265871,-0.2745139795700888,Satine,204.5,9.2,18.0,32.0,3179.4,0.04498777506112469
391,0.2099919871794872,0.021552884615384627,0.05563718228289496,0.3037577688017552,-0.24812058651886024,Satine,216.6,8.74,17.1,25.1,3279.8,0.04035087719298246
